# File: A_InputTaxesSubsidies.csv,,,,,,,,,,,,,
# Title: Taxes/Subsidies for Specific Technologies,,,,,,,,,,,,,
# Units: 1975$/GJ,,,,,,,,,,,,,
# Comments: Positive for tax, negative for subsidy,,,,,,,,,,,,
# Column types: ccccccnnnnnnnn,,,,,,,,,,,,,
# ----------,,,,,,,,,,,,,
xml,region,supplysector,subsector,stub.technology,minicam.non.energy.input,2020,2025,2030,2035,2040,2045,2050,2100
policy_fueltax_arg.xml,Argentina,delivered coal industry,delivered coal industry,delivered coal industry,fuel-tax,0.032,0.111,0.159,0.159,0.159,0.159,0.159,0.159
policy_fueltax_arg.xml,Argentina,refined liquids enduse,refined liquids enduse,refined liquids enduse,fuel-tax,0.023,0.08,0.114,0.114,0.114,0.114,0.114,0.114
policy_fueltax_arg.xml,Argentina,refined liquids industrial,refined liquids industrial,refined liquids industrial,fuel-tax,0.023,0.08,0.114,0.114,0.114,0.114,0.114,0.114
policy_fueltax_arg.xml,Argentina,refined liquids transport,refined liquids transport,refined liquids transport,fuel-tax,0.023,0.08,0.114,0.114,0.114,0.114,0.114,0.114
policy_fueltax_aus.xml,Australia_NZ,refined liquids transport,refined liquids transport,refined liquids transport,fuel-tax,3.340659341,3.340659341,3.340659341,3.340659341,3.340659341,3.340659341,3.340659341,3.340659341
policy_fueltax_eu.xml,EU-15,refined liquids transport,refined liquids transport,refined liquids transport,fuel-tax,5.056995817,5.056995817,5.056995817,5.056995817,5.056995817,5.056995817,5.056995817,5.056995817
policy_fueltax_eu.xml,EU-15,delivered gas transport,delivered gas transport,delivered gas transport,fuel-tax,1.073710891,1.073710891,1.073710891,1.073710891,1.073710891,1.073710891,1.073710891,1.073710891
policy_fueltax_eu.xml,EU-12,refined liquids transport,refined liquids transport,refined liquids transport,fuel-tax,3.504124669,3.504124669,3.504124669,3.504124669,3.504124669,3.504124669,3.504124669,3.504124669
policy_fueltax_eu.xml,EU-12,delivered gas transport,delivered gas transport,delivered gas transport,fuel-tax,0.504987073,0.504987073,0.504987073,0.504987073,0.504987073,0.504987073,0.504987073,0.504987073
policy_fueltax_jap.xml,Japan,refined liquids transport,refined liquids transport,refined liquids transport,fuel-tax,3.188811189,3.188811189,3.188811189,3.188811189,3.188811189,3.188811189,3.188811189,3.188811189
policy_fueltax_jap.xml,Japan,delivered gas transport,delivered gas transport,delivered gas transport,fuel-tax,0.844982542,0.844982542,0.844982542,0.844982542,0.844982542,0.844982542,0.844982542,0.844982542
IRA_PTC,USA,electricity,biomass,biomass (conv),tax-credit,-0.86,-0.79,-0.79,-0.67,-0.67,-0.67,-0.67,-0.67
IRA_PTC,USA,electricity,biomass,biomass (IGCC),tax-credit,-0.86,-0.79,-0.79,-0.67,-0.67,-0.67,-0.67,-0.67
IRA_PTC,USA,electricity,geothermal,geothermal,tax-credit,-1.71,-1.58,-1.58,-1.33,-1.33,-1.33,-1.33,-1.33
IRA_PTC,USA,electricity,nuclear,Gen_III,tax-credit,0,-0.98,-0.98,-0.39,-0.39,-0.39,-0.39,-0.39
IRA_PTC,USA,electricity,solar,CSP,tax-credit,0,-1.58,-1.58,-1.33,-1.33,-1.33,-1.33,-1.33
IRA_PTC,USA,electricity,solar,CSP_storage,tax-credit,0,-1.58,-1.58,-1.33,-1.33,-1.33,-1.33,-1.33
IRA_PTC,USA,electricity,solar,PV,tax-credit,0,-1.58,-1.58,-1.33,-1.33,-1.33,-1.33,-1.33
IRA_PTC,USA,electricity,solar,PV_storage,tax-credit,0,-1.58,-1.58,-1.33,-1.33,-1.33,-1.33,-1.33
IRA_PTC,USA,electricity,wind,wind,tax-credit,-1.16,-1.58,-1.58,-1.33,-1.33,-1.33,-1.33,-1.33
IRA_PTC,USA,electricity,wind,wind_storage,tax-credit,-1.16,-1.58,-1.58,-1.33,-1.33,-1.33,-1.33,-1.33
IRA_transport_tax_credits,USA,trn_pass_road_LDV_4W,Car,BEV,IRA_30D_EV_tax-credit_medium,,-0.007599,-0.015199,-0.00608,-0.00608,-0.00608,-0.00608,-0.00608
IRA_transport_tax_credits,USA,trn_pass_road_LDV_4W,Car,FCEV,IRA_30D_EV_tax-credit_medium,,-0.007599,-0.015199,-0.00608,-0.00608,-0.00608,-0.00608,-0.00608
IRA_transport_tax_credits,USA,trn_pass_road_LDV_4W,Large Car and Truck,BEV,IRA_30D_EV_tax-credit_medium,,-0.007599,-0.015199,-0.00608,-0.00608,-0.00608,-0.00608,-0.00608
IRA_transport_tax_credits,USA,trn_pass_road_LDV_4W,Large Car and Truck,FCEV,IRA_30D_EV_tax-credit_medium,,-0.007599,-0.015199,-0.00608,-0.00608,-0.00608,-0.00608,-0.00608
IRA_transport_tax_credits,USA,trn_freight_road,Light truck,BEV,IRA_45W_light-truck_tax-credit,,-0.03352,-0.03352,-0.013408,-0.013408,-0.013408,-0.013408,-0.013408
IRA_transport_tax_credits,USA,trn_freight_road,Medium truck,BEV,IRA_45W_medium-truck_tax-credit,,-0.030801,-0.030801,-0.01232,-0.01232,-0.01232,-0.01232,-0.01232
IRA_transport_tax_credits,USA,trn_freight_road,Heavy truck,BEV,IRA_45W_heavy-truck_tax-credit,,-0.048775,-0.048775,-0.01951,-0.01951,-0.01951,-0.01951,-0.01951
IRA_transport_tax_credits,USA,trn_pass_road,Bus,BEV,IRA_45W_bus_tax-credit,,-0.067676764,-0.067676764,-0.027071,-0.027071,-0.027071,-0.027071,-0.027071
IRA_transport_tax_credits,USA,trn_pass_road_LDV_4W,Car,BEV,IRA_alt_refuel_prop-credit_EV_charging,,-0.000793,-0.000793,-0.0003172,-0.0003172,-0.0003172,-0.0003172,-0.0003172
IRA_transport_tax_credits,USA,trn_pass_road_LDV_4W,Car,FCEV,IRA_alt_refuel_prop-credit_EV_charging,,-0.000793,-0.000793,-0.0003172,-0.0003172,-0.0003172,-0.0003172,-0.0003172
IRA_transport_tax_credits,USA,trn_pass_road_LDV_4W,Large Car and Truck,BEV,IRA_alt_refuel_prop-credit_EV_charging,,-0.000793,-0.000793,-0.0003172,-0.0003172,-0.0003172,-0.0003172,-0.0003172
IRA_transport_tax_credits,USA,trn_pass_road_LDV_4W,Large Car and Truck,FCEV,IRA_alt_refuel_prop-credit_EV_charging,,-0.000793,-0.000793,-0.0003172,-0.0003172,-0.0003172,-0.0003172,-0.0003172
IRA_transport_tax_credits,USA,trn_pass_road_LDV_4W,Car,BEV,state_EV_credits,,-0.0125,-0.0125,-0.0125,-0.0124,-0.0124,-0.0123,-0.0123
IRA_transport_tax_credits,USA,trn_pass_road_LDV_4W,Car,FCEV,state_EV_credits,,-0.0185,-0.0182,-0.0179,-0.0176,-0.0173,-0.017,-0.017
IRA_transport_tax_credits,USA,trn_pass_road_LDV_4W,Large Car and Truck,BEV,state_EV_credits,,-0.0157,-0.0156,-0.0155,-0.0155,-0.0154,-0.0154,-0.0154
IRA_transport_tax_credits,USA,trn_pass_road_LDV_4W,Large Car and Truck,FCEV,state_EV_credits,,-0.0226,-0.0222,-0.0218,-0.0215,-0.0211,-0.0208,-0.0208
IRA_transport_tax_credits,USA,trn_pass_road,Bus,BEV,infra-cost,,-0.04934069,-0.04934069,-0.04934069,-0.04934069,-0.04934069,-0.04934069,-0.04934069
IRA_transport_tax_credits,USA,trn_pass_road_LDV_4W,Car,BEV,IIJA_charging,,-0.00365242,-0.00365242,-0.00365242,-0.00365242,-0.00365242,-0.00365242,-0.00365242
IRA_transport_tax_credits,USA,trn_pass_road_LDV_4W,Car,FCEV,IIJA_charging,,-0.00365242,-0.00365242,-0.00365242,-0.00365242,-0.00365242,-0.00365242,-0.00365242
IRA_transport_tax_credits,USA,trn_pass_road_LDV_4W,Large Car and Truck,BEV,IIJA_charging,,-0.00365242,-0.00365242,-0.00365242,-0.00365242,-0.00365242,-0.00365242,-0.00365242
IRA_transport_tax_credits,USA,trn_pass_road_LDV_4W,Large Car and Truck,FCEV,IIJA_charging,,-0.00365242,-0.00365242,-0.00365242,-0.00365242,-0.00365242,-0.00365242,-0.00365242
IRA_transport_tax_credits,USA,trn_freight_road,Light truck,BEV,IIJA_charging,,-0.020580265,-0.020580265,-0.020580265,-0.020580265,-0.020580265,-0.020580265,-0.020580265
IRA_transport_tax_credits,USA,trn_freight_road,Medium truck,BEV,IIJA_charging,,-0.03782092,-0.03782092,-0.03782092,-0.03782092,-0.03782092,-0.03782092,-0.03782092
IRA_transport_tax_credits,USA,trn_freight_road,Heavy truck,BEV,IIJA_charging,,-0.01123,-0.01123,-0.01123,-0.01123,-0.01123,-0.01123,-0.01123
IRA_H2_subsidy_mid,USA,H2 central production,biomass,biomass to H2,subsidy,,-4.102,-4.102,-4.102,-4.102,-4.102,-4.102,-4.102
IRA_H2_subsidy_mid,USA,H2 central production,electricity,electrolysis,subsidy,,,,-1.0255,-1.0255,-1.0255,-1.0255,-1.0255
IRA_H2_subsidy_mid,USA,H2 central production,nuclear,thermal splitting,subsidy,,-4.102,-4.102,-4.102,-4.102,-4.102,-4.102,-4.102
IRA_H2_subsidy_mid,USA,H2 central production,solar,electrolysis,subsidy,,-4.102,-4.102,-4.102,-4.102,-4.102,-4.102,-4.102
IRA_H2_subsidy_mid,USA,H2 central production,wind,electrolysis,subsidy,,-4.102,-4.102,-4.102,-4.102,-4.102,-4.102,-4.102
IRA_H2_subsidy_mid,USA,H2 wholesale dispensing,forecourt production,electrolysis,subsidy,,,,-1.0255,-1.0255,-1.0255,-1.0255,-1.0255
IRA_H2_subsidy_mid,USA,H2 industrial,forecourt production,electrolysis,subsidy,,,,-1.0255,-1.0255,-1.0255,-1.0255,-1.0255
IRA_45Q,USA,carbon-storage,onshore carbon-storage,onshore carbon-storage,subsidy,,,-103.4462,-103.4462,-103.4462,-103.4462,-103.4462,-103.4462
IRA_45Q,USA,carbon-storage,offshore carbon-storage,offshore carbon-storage,subsidy,,,-103.4462,-103.4462,-103.4462,-103.4462,-103.4462,-103.4462
IRA_45Q,USA,CO2 removal,dac,hightemp DAC NG,subsidy,,,-0.0564,-0.0564,-0.0564,-0.0564,-0.0564,-0.0564
IRA_45Q,USA,CO2 removal,dac,hightemp DAC elec,subsidy,,,-0.0564,-0.0564,-0.0564,-0.0564,-0.0564,-0.0564
IRA_45Q,USA,CO2 removal,dac,lowtemp DAC heatpump,subsidy,,,-0.0564,-0.0564,-0.0564,-0.0564,-0.0564,-0.0564
IRA_biofuels,USA,refining,biomass liquids,biodiesel,IRA subsidy,,-1.639,-1.639,-1.639,-1.639,-1.639,-1.639,-1.639
IRA_biofuels,USA,refining,biomass liquids,cellulosic ethanol,IRA subsidy,,-1.8906,-1.8906,-1.8906,-1.8906,-1.8906,-1.8906,-1.8906
IRA_biofuels,USA,refining,biomass liquids,FT biofuels,IRA subsidy,,-2.0849,-2.0849,-2.0849,-2.0849,-2.0849,-2.0849,-2.0849
IRA_biofuels,USA,refining,biomass liquids,cellulosic ethanol CCS level 1,IRA subsidy,,-1.8906,-1.8906,-1.8906,-1.8906,-1.8906,-1.8906,-1.8906
IRA_biofuels,USA,refining,biomass liquids,cellulosic ethanol CCS level 2,IRA subsidy,,-1.8906,-1.8906,-1.8906,-1.8906,-1.8906,-1.8906,-1.8906
IRA_biofuels,USA,refining,biomass liquids,FT biofuels CCS level 1,IRA subsidy,,-2.9188,-2.9188,-2.9188,-2.9188,-2.9188,-2.9188,-2.9188
IRA_biofuels,USA,refining,biomass liquids,FT biofuels CCS level 2,IRA subsidy,,-2.9188,-2.9188,-2.9188,-2.9188,-2.9188,-2.9188,-2.9188
CBAM_eu.xml,EU-15,regional iron and steel,imported iron and steel,imported high-carbon iron and steel,CBAM,0,0.05,0.05,0.05,0.05,0.05,0.05,0.05
CBAM_eu.xml,EU-12,regional iron and steel,imported iron and steel,imported high-carbon iron and steel,CBAM,0,0.05,0.05,0.05,0.05,0.05,0.05,0.05
renewcorr_usa,USA,electricity,solar,PV,renew-calib,1,,,,,,,
renewcorr_usa,USA,electricity,wind,wind,renew-calib,1,,,,,,,
renewcorr_usa,USA,electricity,geothermal,geothermal,renew-calib,1,,,,,,,
bldeleccorr_world,Africa_Eastern,elect_td_bld,elect_td_bld,elect_td_bld,elec-bld-calib,1.4,1.4,1.4,1.4,1.4,1.4,1.4,1.4
bldeleccorr_world,Africa_Northern,elect_td_bld,elect_td_bld,elect_td_bld,elec-bld-calib,1.4,1.4,1.4,1.4,1.4,1.4,1.4,1.4
bldeleccorr_world,Africa_Southern,elect_td_bld,elect_td_bld,elect_td_bld,elec-bld-calib,1.4,1.4,1.4,1.4,1.4,1.4,1.4,1.4
bldeleccorr_world,Africa_Western,elect_td_bld,elect_td_bld,elect_td_bld,elec-bld-calib,1.4,1.4,1.4,1.4,1.4,1.4,1.4,1.4
bldeleccorr_world,Argentina,elect_td_bld,elect_td_bld,elect_td_bld,elec-bld-calib,1.4,1.4,1.4,1.4,1.4,1.4,1.4,1.4
bldeleccorr_world,Australia_NZ,elect_td_bld,elect_td_bld,elect_td_bld,elec-bld-calib,1.4,1.4,1.4,1.4,1.4,1.4,1.4,1.4
bldeleccorr_world,Brazil,elect_td_bld,elect_td_bld,elect_td_bld,elec-bld-calib,1.4,1.4,1.4,1.4,1.4,1.4,1.4,1.4
bldeleccorr_world,Canada,elect_td_bld,elect_td_bld,elect_td_bld,elec-bld-calib,1.4,1.4,1.4,1.4,1.4,1.4,1.4,1.4
bldeleccorr_world,Central America and Caribbean,elect_td_bld,elect_td_bld,elect_td_bld,elec-bld-calib,1.4,1.4,1.4,1.4,1.4,1.4,1.4,1.4
bldeleccorr_world,Central Asia,elect_td_bld,elect_td_bld,elect_td_bld,elec-bld-calib,1.4,1.4,1.4,1.4,1.4,1.4,1.4,1.4
bldeleccorr_world,China,elect_td_bld,elect_td_bld,elect_td_bld,elec-bld-calib,1.4,1.4,1.4,1.4,1.4,1.4,1.4,1.4
bldeleccorr_world,Colombia,elect_td_bld,elect_td_bld,elect_td_bld,elec-bld-calib,1.4,1.4,1.4,1.4,1.4,1.4,1.4,1.4
bldeleccorr_world,EU-12,elect_td_bld,elect_td_bld,elect_td_bld,elec-bld-calib,1.4,1.4,1.4,1.4,1.4,1.4,1.4,1.4
bldeleccorr_world,EU-15,elect_td_bld,elect_td_bld,elect_td_bld,elec-bld-calib,1.4,1.4,1.4,1.4,1.4,1.4,1.4,1.4
bldeleccorr_world,Europe_Eastern,elect_td_bld,elect_td_bld,elect_td_bld,elec-bld-calib,1.4,1.4,1.4,1.4,1.4,1.4,1.4,1.4
bldeleccorr_world,Europe_Non_EU,elect_td_bld,elect_td_bld,elect_td_bld,elec-bld-calib,1.4,1.4,1.4,1.4,1.4,1.4,1.4,1.4
bldeleccorr_world,European Free Trade Association,elect_td_bld,elect_td_bld,elect_td_bld,elec-bld-calib,1.4,1.4,1.4,1.4,1.4,1.4,1.4,1.4
bldeleccorr_world,India,elect_td_bld,elect_td_bld,elect_td_bld,elec-bld-calib,1.4,1.4,1.4,1.4,1.4,1.4,1.4,1.4
bldeleccorr_world,Indonesia,elect_td_bld,elect_td_bld,elect_td_bld,elec-bld-calib,1.4,1.4,1.4,1.4,1.4,1.4,1.4,1.4
bldeleccorr_world,Japan,elect_td_bld,elect_td_bld,elect_td_bld,elec-bld-calib,1.4,1.4,1.4,1.4,1.4,1.4,1.4,1.4
bldeleccorr_world,Mexico,elect_td_bld,elect_td_bld,elect_td_bld,elec-bld-calib,1.4,1.4,1.4,1.4,1.4,1.4,1.4,1.4
bldeleccorr_world,Middle East,elect_td_bld,elect_td_bld,elect_td_bld,elec-bld-calib,1.4,1.4,1.4,1.4,1.4,1.4,1.4,1.4
bldeleccorr_world,Pakistan,elect_td_bld,elect_td_bld,elect_td_bld,elec-bld-calib,1.4,1.4,1.4,1.4,1.4,1.4,1.4,1.4
bldeleccorr_world,Russia,elect_td_bld,elect_td_bld,elect_td_bld,elec-bld-calib,1.4,1.4,1.4,1.4,1.4,1.4,1.4,1.4
bldeleccorr_world,South Africa,elect_td_bld,elect_td_bld,elect_td_bld,elec-bld-calib,1.4,1.4,1.4,1.4,1.4,1.4,1.4,1.4
bldeleccorr_world,South America_Northern,elect_td_bld,elect_td_bld,elect_td_bld,elec-bld-calib,1.4,1.4,1.4,1.4,1.4,1.4,1.4,1.4
bldeleccorr_world,South America_Southern,elect_td_bld,elect_td_bld,elect_td_bld,elec-bld-calib,1.4,1.4,1.4,1.4,1.4,1.4,1.4,1.4
bldeleccorr_world,South Asia,elect_td_bld,elect_td_bld,elect_td_bld,elec-bld-calib,1.4,1.4,1.4,1.4,1.4,1.4,1.4,1.4
bldeleccorr_world,South Korea,elect_td_bld,elect_td_bld,elect_td_bld,elec-bld-calib,1.4,1.4,1.4,1.4,1.4,1.4,1.4,1.4
bldeleccorr_world,Southeast Asia,elect_td_bld,elect_td_bld,elect_td_bld,elec-bld-calib,1.4,1.4,1.4,1.4,1.4,1.4,1.4,1.4
bldeleccorr_world,Taiwan,elect_td_bld,elect_td_bld,elect_td_bld,elec-bld-calib,1.4,1.4,1.4,1.4,1.4,1.4,1.4,1.4
bldeleccorr_world,USA,elect_td_bld,elect_td_bld,elect_td_bld,elec-bld-calib,1.4,1.4,1.4,1.4,1.4,1.4,1.4,1.4
bldeleccorr_world,Africa_Eastern,elect_td_bld,rooftop_pv,rooftop_pv,elec-bld-calib,1.4,1.4,1.4,1.4,1.4,1.4,1.4,1.4
bldeleccorr_world,Africa_Northern,elect_td_bld,rooftop_pv,rooftop_pv,elec-bld-calib,1.4,1.4,1.4,1.4,1.4,1.4,1.4,1.4
bldeleccorr_world,Africa_Southern,elect_td_bld,rooftop_pv,rooftop_pv,elec-bld-calib,1.4,1.4,1.4,1.4,1.4,1.4,1.4,1.4
bldeleccorr_world,Africa_Western,elect_td_bld,rooftop_pv,rooftop_pv,elec-bld-calib,1.4,1.4,1.4,1.4,1.4,1.4,1.4,1.4
bldeleccorr_world,Argentina,elect_td_bld,rooftop_pv,rooftop_pv,elec-bld-calib,1.4,1.4,1.4,1.4,1.4,1.4,1.4,1.4
bldeleccorr_world,Australia_NZ,elect_td_bld,rooftop_pv,rooftop_pv,elec-bld-calib,1.4,1.4,1.4,1.4,1.4,1.4,1.4,1.4
bldeleccorr_world,Brazil,elect_td_bld,rooftop_pv,rooftop_pv,elec-bld-calib,1.4,1.4,1.4,1.4,1.4,1.4,1.4,1.4
bldeleccorr_world,Canada,elect_td_bld,rooftop_pv,rooftop_pv,elec-bld-calib,1.4,1.4,1.4,1.4,1.4,1.4,1.4,1.4
bldeleccorr_world,Central America and Caribbean,elect_td_bld,rooftop_pv,rooftop_pv,elec-bld-calib,1.4,1.4,1.4,1.4,1.4,1.4,1.4,1.4
bldeleccorr_world,Central Asia,elect_td_bld,rooftop_pv,rooftop_pv,elec-bld-calib,1.4,1.4,1.4,1.4,1.4,1.4,1.4,1.4
bldeleccorr_world,China,elect_td_bld,rooftop_pv,rooftop_pv,elec-bld-calib,1.4,1.4,1.4,1.4,1.4,1.4,1.4,1.4
bldeleccorr_world,Colombia,elect_td_bld,rooftop_pv,rooftop_pv,elec-bld-calib,1.4,1.4,1.4,1.4,1.4,1.4,1.4,1.4
bldeleccorr_world,EU-12,elect_td_bld,rooftop_pv,rooftop_pv,elec-bld-calib,1.4,1.4,1.4,1.4,1.4,1.4,1.4,1.4
bldeleccorr_world,EU-15,elect_td_bld,rooftop_pv,rooftop_pv,elec-bld-calib,1.4,1.4,1.4,1.4,1.4,1.4,1.4,1.4
bldeleccorr_world,Europe_Eastern,elect_td_bld,rooftop_pv,rooftop_pv,elec-bld-calib,1.4,1.4,1.4,1.4,1.4,1.4,1.4,1.4
bldeleccorr_world,Europe_Non_EU,elect_td_bld,rooftop_pv,rooftop_pv,elec-bld-calib,1.4,1.4,1.4,1.4,1.4,1.4,1.4,1.4
bldeleccorr_world,European Free Trade Association,elect_td_bld,rooftop_pv,rooftop_pv,elec-bld-calib,1.4,1.4,1.4,1.4,1.4,1.4,1.4,1.4
bldeleccorr_world,India,elect_td_bld,rooftop_pv,rooftop_pv,elec-bld-calib,1.4,1.4,1.4,1.4,1.4,1.4,1.4,1.4
bldeleccorr_world,Indonesia,elect_td_bld,rooftop_pv,rooftop_pv,elec-bld-calib,1.4,1.4,1.4,1.4,1.4,1.4,1.4,1.4
bldeleccorr_world,Japan,elect_td_bld,rooftop_pv,rooftop_pv,elec-bld-calib,1.4,1.4,1.4,1.4,1.4,1.4,1.4,1.4
bldeleccorr_world,Mexico,elect_td_bld,rooftop_pv,rooftop_pv,elec-bld-calib,1.4,1.4,1.4,1.4,1.4,1.4,1.4,1.4
bldeleccorr_world,Middle East,elect_td_bld,rooftop_pv,rooftop_pv,elec-bld-calib,1.4,1.4,1.4,1.4,1.4,1.4,1.4,1.4
bldeleccorr_world,Pakistan,elect_td_bld,rooftop_pv,rooftop_pv,elec-bld-calib,1.4,1.4,1.4,1.4,1.4,1.4,1.4,1.4
bldeleccorr_world,Russia,elect_td_bld,rooftop_pv,rooftop_pv,elec-bld-calib,1.4,1.4,1.4,1.4,1.4,1.4,1.4,1.4
bldeleccorr_world,South Africa,elect_td_bld,rooftop_pv,rooftop_pv,elec-bld-calib,1.4,1.4,1.4,1.4,1.4,1.4,1.4,1.4
bldeleccorr_world,South America_Northern,elect_td_bld,rooftop_pv,rooftop_pv,elec-bld-calib,1.4,1.4,1.4,1.4,1.4,1.4,1.4,1.4
bldeleccorr_world,South America_Southern,elect_td_bld,rooftop_pv,rooftop_pv,elec-bld-calib,1.4,1.4,1.4,1.4,1.4,1.4,1.4,1.4
bldeleccorr_world,South Asia,elect_td_bld,rooftop_pv,rooftop_pv,elec-bld-calib,1.4,1.4,1.4,1.4,1.4,1.4,1.4,1.4
bldeleccorr_world,South Korea,elect_td_bld,rooftop_pv,rooftop_pv,elec-bld-calib,1.4,1.4,1.4,1.4,1.4,1.4,1.4,1.4
bldeleccorr_world,Southeast Asia,elect_td_bld,rooftop_pv,rooftop_pv,elec-bld-calib,1.4,1.4,1.4,1.4,1.4,1.4,1.4,1.4
bldeleccorr_world,Taiwan,elect_td_bld,rooftop_pv,rooftop_pv,elec-bld-calib,1.4,1.4,1.4,1.4,1.4,1.4,1.4,1.4
bldeleccorr_world,USA,elect_td_bld,rooftop_pv,rooftop_pv,elec-bld-calib,1.4,1.4,1.4,1.4,1.4,1.4,1.4,1.4
EU_green_steel_subsidy,EU-15,BF_BOF_BECCSmax,BF_BOF_BECCSmax,BF_BOF_BECCSmax,green_steel_subsidy,,,-0.006260858,-0.004173905,-0.002086953,,,
EU_green_steel_subsidy,EU-15,BF_BOF_BECCSmin,BF_BOF_BECCSmin,BF_BOF_BECCSmin,green_steel_subsidy,,,-0.006260858,-0.004173905,-0.002086953,,,
EU_green_steel_subsidy,EU-15,BF_BOF_CCS_73%,BF_BOF_CCS_73%,BF_BOF_CCS_73%,green_steel_subsidy,,,-0.006260858,-0.004173905,-0.002086953,,,
EU_green_steel_subsidy,EU-15,BF_BOF_CCS_86%,BF_BOF_CCS_86%,BF_BOF_CCS_86%,green_steel_subsidy,,,-0.009838491,-0.006558994,-0.003279497,,,
EU_green_steel_subsidy,EU-15,DRI_EAF_BECCS,DRI_EAF_BECCS,DRI_EAF_BECCS,green_steel_subsidy,,,-0.01063352,-0.007089013,-0.003544507,,,
EU_green_steel_subsidy,EU-15,DRI_EAF_coal_CCS,DRI_EAF_coal_CCS,DRI_EAF_coal_CCS,green_steel_subsidy,,,-0.010434763,-0.006956508,-0.003478254,,,
EU_green_steel_subsidy,EU-15,DRI_EAF_H2,DRI_EAF_H2,DRI_EAF_H2,green_steel_subsidy,,,-0.009043461,-0.006028974,-0.003014487,,,
EU_green_steel_subsidy,EU-15,DRI_EAF_NG,DRI_EAF_NG,DRI_EAF_NG,green_steel_subsidy,,,-0.009043461,-0.006028974,-0.003014487,,,
EU_green_steel_subsidy,EU-15,DRI_EAF_NG_CCS,DRI_EAF_NG_CCS,DRI_EAF_NG_CCS,green_steel_subsidy,,,-0.009440976,-0.006293984,-0.003146992,,,
EU_green_steel_subsidy,EU-15,AEL_EAF,AEL_EAF,AEL_EAF,green_steel_subsidy,,,-0.012621094,-0.008414063,-0.004207031,,,
EU_green_steel_subsidy,EU-15,MOE,MOE,MOE,green_steel_subsidy,,,-0.010236005,-0.006824003,-0.003412002,,,
EU_green_steel_subsidy,EU-15,DRI_SAF_BOF_BECCS,DRI_SAF_BOF_BECCS,DRI_SAF_BOF_BECCS,green_steel_subsidy,,,-0.012521715,-0.00834781,-0.004173905,,,
EU_green_steel_subsidy,EU-15,DRI_SAF_BOF_H2,DRI_SAF_BOF_H2,DRI_SAF_BOF_H2,green_steel_subsidy,,,-0.011527928,-0.007685286,-0.003842643,,,
EU_green_steel_subsidy,EU-15,DRI_SAF_BOF_NG,DRI_SAF_BOF_NG,DRI_SAF_BOF_NG,green_steel_subsidy,,,-0.011527928,-0.007685286,-0.003842643,,,
EU_green_steel_subsidy,EU-15,SR_BOF_CCS,SR_BOF_CCS,SR_BOF_CCS,green_steel_subsidy,,,-0.007254644,-0.00457142,-0.002153205,,,
EU_green_steel_subsidy,EU-12,BF_BOF_BECCSmax,BF_BOF_BECCSmax,BF_BOF_BECCSmax,green_steel_subsidy,,,-0.006260858,-0.004173905,-0.002086953,,,
EU_green_steel_subsidy,EU-12,BF_BOF_BECCSmin,BF_BOF_BECCSmin,BF_BOF_BECCSmin,green_steel_subsidy,,,-0.006260858,-0.004173905,-0.002086953,,,
EU_green_steel_subsidy,EU-12,BF_BOF_CCS_73%,BF_BOF_CCS_73%,BF_BOF_CCS_73%,green_steel_subsidy,,,-0.006260858,-0.004173905,-0.002086953,,,
EU_green_steel_subsidy,EU-12,BF_BOF_CCS_86%,BF_BOF_CCS_86%,BF_BOF_CCS_86%,green_steel_subsidy,,,-0.009838491,-0.006558994,-0.003279497,,,
EU_green_steel_subsidy,EU-12,DRI_EAF_BECCS,DRI_EAF_BECCS,DRI_EAF_BECCS,green_steel_subsidy,,,-0.01063352,-0.007089013,-0.003544507,,,
EU_green_steel_subsidy,EU-12,DRI_EAF_coal_CCS,DRI_EAF_coal_CCS,DRI_EAF_coal_CCS,green_steel_subsidy,,,-0.010434763,-0.006956508,-0.003478254,,,
EU_green_steel_subsidy,EU-12,DRI_EAF_H2,DRI_EAF_H2,DRI_EAF_H2,green_steel_subsidy,,,-0.009043461,-0.006028974,-0.003014487,,,
EU_green_steel_subsidy,EU-12,DRI_EAF_NG,DRI_EAF_NG,DRI_EAF_NG,green_steel_subsidy,,,-0.009043461,-0.006028974,-0.003014487,,,
EU_green_steel_subsidy,EU-12,DRI_EAF_NG_CCS,DRI_EAF_NG_CCS,DRI_EAF_NG_CCS,green_steel_subsidy,,,-0.009440976,-0.006293984,-0.003146992,,,
EU_green_steel_subsidy,EU-12,AEL_EAF,AEL_EAF,AEL_EAF,green_steel_subsidy,,,-0.012621094,-0.008414063,-0.004207031,,,
EU_green_steel_subsidy,EU-12,MOE,MOE,MOE,green_steel_subsidy,,,-0.010236005,-0.006824003,-0.003412002,,,
EU_green_steel_subsidy,EU-12,DRI_SAF_BOF_BECCS,DRI_SAF_BOF_BECCS,DRI_SAF_BOF_BECCS,green_steel_subsidy,,,-0.012521715,-0.00834781,-0.004173905,,,
EU_green_steel_subsidy,EU-12,DRI_SAF_BOF_H2,DRI_SAF_BOF_H2,DRI_SAF_BOF_H2,green_steel_subsidy,,,-0.011527928,-0.007685286,-0.003842643,,,
EU_green_steel_subsidy,EU-12,DRI_SAF_BOF_NG,DRI_SAF_BOF_NG,DRI_SAF_BOF_NG,green_steel_subsidy,,,-0.011527928,-0.007685286,-0.003842643,,,
EU_green_steel_subsidy,EU-12,SR_BOF_CCS,SR_BOF_CCS,SR_BOF_CCS,green_steel_subsidy,,,-0.007254644,-0.00457142,-0.002153205,,,
EU_green_steel_subsidy_HI,EU-15,BF_BOF_BECCSmax,BF_BOF_BECCSmax,BF_BOF_BECCSmax,green_steel_subsidy_HI,,,-0.025075231,-0.025175935,-0.025276639,-0.025377343,-0.025478046,
EU_green_steel_subsidy_HI,EU-15,BF_BOF_BECCSmin,BF_BOF_BECCSmin,BF_BOF_BECCSmin,green_steel_subsidy_HI,,,-0.02502223,-0.025108358,-0.025194486,-0.025280614,-0.025366742,
EU_green_steel_subsidy_HI,EU-15,BF_BOF_CCS_73%,BF_BOF_CCS_73%,BF_BOF_CCS_73%,green_steel_subsidy_HI,,,-0.024624715,-0.024710843,-0.024796971,-0.024883099,-0.024969228,
EU_green_steel_subsidy_HI,EU-15,BF_BOF_CCS_86%,BF_BOF_CCS_86%,BF_BOF_CCS_86%,green_steel_subsidy_HI,,,-0.027261563,-0.027362267,-0.02746297,-0.027563674,-0.027664378,
EU_green_steel_subsidy_HI,EU-15,DRI_EAF_BECCS,DRI_EAF_BECCS,DRI_EAF_BECCS,green_steel_subsidy_HI,,,-0.032818819,-0.032861221,-0.032903622,-0.032946024,-0.032988425,
EU_green_steel_subsidy_HI,EU-15,DRI_EAF_coal_CCS,DRI_EAF_coal_CCS,DRI_EAF_coal_CCS,green_steel_subsidy_HI,,,-0.032686314,-0.032858571,-0.033030827,-0.033203083,-0.03337534,
EU_green_steel_subsidy_HI,EU-15,DRI_EAF_H2,DRI_EAF_H2,DRI_EAF_H2,green_steel_subsidy_HI,,,-0.031795881,-0.031839608,-0.031883334,-0.031927061,-0.031970788,
EU_green_steel_subsidy_HI,EU-15,DRI_EAF_NG,DRI_EAF_NG,DRI_EAF_NG,green_steel_subsidy_HI,,,-0.031567973,-0.031740229,-0.031912485,-0.032084742,-0.032256998,
EU_green_steel_subsidy_HI,EU-15,DRI_EAF_NG_CCS,DRI_EAF_NG_CCS,DRI_EAF_NG_CCS,green_steel_subsidy_HI,,,-0.03202379,-0.032196046,-0.032368302,-0.032540559,-0.032712815,
EU_green_steel_subsidy_HI,EU-15,AEL_EAF,AEL_EAF,AEL_EAF,green_steel_subsidy_HI,,,-0.030319776,-0.030319776,-0.030319776,-0.030319776,-0.030319776,
EU_green_steel_subsidy_HI,EU-15,MOE,MOE,MOE,green_steel_subsidy_HI,,,-0.025488647,-0.025488647,-0.025488647,-0.025488647,-0.025488647,
EU_green_steel_subsidy_HI,EU-15,DRI_SAF_BOF_BECCS,DRI_SAF_BOF_BECCS,DRI_SAF_BOF_BECCS,green_steel_subsidy_HI,,,-0.032988425,-0.033045403,-0.03310238,-0.033159357,-0.033216334,
EU_green_steel_subsidy_HI,EU-15,DRI_SAF_BOF_H2,DRI_SAF_BOF_H2,DRI_SAF_BOF_H2,green_steel_subsidy_HI,,,-0.032076792,-0.032120518,-0.032164245,-0.032207971,-0.032251698,
EU_green_steel_subsidy_HI,EU-15,DRI_SAF_BOF_NG,DRI_SAF_BOF_NG,DRI_SAF_BOF_NG,green_steel_subsidy_HI,,,-0.031848883,-0.031891285,-0.031933686,-0.031976088,-0.032018489,
EU_green_steel_subsidy_HI,EU-15,SR_BOF_CCS,SR_BOF_CCS,SR_BOF_CCS,green_steel_subsidy_HI,,,-0.027545123,-0.026948851,-0.026352579,-0.025756307,-0.025160035,
EU_green_steel_subsidy_HI,EU-12,BF_BOF_BECCSmax,BF_BOF_BECCSmax,BF_BOF_BECCSmax,green_steel_subsidy_HI,,,-0.025075231,-0.025175935,-0.025276639,-0.025377343,-0.025478046,
EU_green_steel_subsidy_HI,EU-12,BF_BOF_BECCSmin,BF_BOF_BECCSmin,BF_BOF_BECCSmin,green_steel_subsidy_HI,,,-0.02502223,-0.025108358,-0.025194486,-0.025280614,-0.025366742,
EU_green_steel_subsidy_HI,EU-12,BF_BOF_CCS_73%,BF_BOF_CCS_73%,BF_BOF_CCS_73%,green_steel_subsidy_HI,,,-0.024624715,-0.024710843,-0.024796971,-0.024883099,-0.024969228,
EU_green_steel_subsidy_HI,EU-12,BF_BOF_CCS_86%,BF_BOF_CCS_86%,BF_BOF_CCS_86%,green_steel_subsidy_HI,,,-0.027261563,-0.027362267,-0.02746297,-0.027563674,-0.027664378,
EU_green_steel_subsidy_HI,EU-12,DRI_EAF_BECCS,DRI_EAF_BECCS,DRI_EAF_BECCS,green_steel_subsidy_HI,,,-0.032818819,-0.032861221,-0.032903622,-0.032946024,-0.032988425,
EU_green_steel_subsidy_HI,EU-12,DRI_EAF_coal_CCS,DRI_EAF_coal_CCS,DRI_EAF_coal_CCS,green_steel_subsidy_HI,,,-0.032686314,-0.032858571,-0.033030827,-0.033203083,-0.03337534,
EU_green_steel_subsidy_HI,EU-12,DRI_EAF_H2,DRI_EAF_H2,DRI_EAF_H2,green_steel_subsidy_HI,,,-0.031795881,-0.031839608,-0.031883334,-0.031927061,-0.031970788,
EU_green_steel_subsidy_HI,EU-12,DRI_EAF_NG,DRI_EAF_NG,DRI_EAF_NG,green_steel_subsidy_HI,,,-0.031567973,-0.031740229,-0.031912485,-0.032084742,-0.032256998,
EU_green_steel_subsidy_HI,EU-12,DRI_EAF_NG_CCS,DRI_EAF_NG_CCS,DRI_EAF_NG_CCS,green_steel_subsidy_HI,,,-0.03202379,-0.032196046,-0.032368302,-0.032540559,-0.032712815,
EU_green_steel_subsidy_HI,EU-12,AEL_EAF,AEL_EAF,AEL_EAF,green_steel_subsidy_HI,,,-0.030319776,-0.030319776,-0.030319776,-0.030319776,-0.030319776,
EU_green_steel_subsidy_HI,EU-12,MOE,MOE,MOE,green_steel_subsidy_HI,,,-0.025488647,-0.025488647,-0.025488647,-0.025488647,-0.025488647,
EU_green_steel_subsidy_HI,EU-12,DRI_SAF_BOF_BECCS,DRI_SAF_BOF_BECCS,DRI_SAF_BOF_BECCS,green_steel_subsidy_HI,,,-0.032988425,-0.033045403,-0.03310238,-0.033159357,-0.033216334,
EU_green_steel_subsidy_HI,EU-12,DRI_SAF_BOF_H2,DRI_SAF_BOF_H2,DRI_SAF_BOF_H2,green_steel_subsidy_HI,,,-0.032076792,-0.032120518,-0.032164245,-0.032207971,-0.032251698,
EU_green_steel_subsidy_HI,EU-12,DRI_SAF_BOF_NG,DRI_SAF_BOF_NG,DRI_SAF_BOF_NG,green_steel_subsidy_HI,,,-0.031848883,-0.031891285,-0.031933686,-0.031976088,-0.032018489,
EU_green_steel_subsidy_HI,EU-12,SR_BOF_CCS,SR_BOF_CCS,SR_BOF_CCS,green_steel_subsidy_HI,,,-0.027545123,-0.026948851,-0.026352579,-0.025756307,-0.025160035,
EU_elect_td_ind_tax,EU-12,elect_td_ind,elect_td_ind,elect_td_ind,elect_td_ind_tax,1.5,0.5,0.5,0.5,0.5,0.5,0.5,
EU_elect_td_ind_tax,EU-15,elect_td_ind,elect_td_ind,elect_td_ind,elect_td_ind_tax,3,3,1,1,1,1,1,
EU_elect_td_ind_tax,EU-12,delivered coal industry,delivered coal industry,delivered coal industry,fuel_tax_coal,,0.35,0.15,0.15,0.15,0.15,0.15,
EU_elect_td_ind_tax,EU-15,delivered coal industry,delivered coal industry,delivered coal industry,fuel_tax_coal,,0.35,0.15,0.15,0.15,0.15,0.15,
EU_elect_td_ind_tax,EU-12,wholesale gas,wholesale gas,wholesale gas,fuel_tax_gas,,0.3,0.1,0.1,0.1,0.1,0.1,
EU_elect_td_ind_tax,EU-15,wholesale gas,wholesale gas,wholesale gas,fuel_tax_gas,,0.3,0.1,0.1,0.1,0.1,0.1,
